<?xml version="1.0" encoding="UTF-8"?>
<feature 
   id="org.jboss.ide.eclipse.as.serverAdapter.wtp.feature" 
   label="%featureName" 
   version="3.9.400.v20220601-0842"
   provider-name="%providerName">


   <description url="http://www.jboss.org/tools">
       %description
   </description>
   <copyright>
       %copyright
   </copyright>
   <license url="%licenseURL">
      %license
   </license>



	<requires>
		<import plugin="org.eclipse.core.runtime" version="3.7.0" match="greaterOrEqual" />
		<import plugin="org.eclipse.debug.core" version="3.7.0" match="greaterOrEqual" />
		<import plugin="org.eclipse.jdt.launching" version="3.6.0" match="greaterOrEqual" />
		<import plugin="org.eclipse.jdt.core" version="3.7.0" match="greaterOrEqual" />
		<import plugin="org.eclipse.jst.server.core" version="1.2.101" match="greaterOrEqual" />
		<import plugin="org.eclipse.wst.server.core" version="1.1.302" match="greaterOrEqual" />
		<import plugin="org.eclipse.jst.j2ee" version="1.1.500" match="greaterOrEqual" />
		<import plugin="org.eclipse.wst.xml.core" version="1.1.600" match="greaterOrEqual" />
		<import plugin="org.apache.ant" version="1.7.1" match="greaterOrEqual" />
		<import plugin="org.eclipse.core.variables" version="3.2.500" match="greaterOrEqual" />
		<import plugin="org.eclipse.jem.util" version="2.1.2" match="greaterOrEqual" />
		<import plugin="org.eclipse.wst.common.emfworkbench.integration" version="1.2.100" match="greaterOrEqual" />
		<import plugin="org.eclipse.wst.common.project.facet.core" version="1.4.200" match="greaterOrEqual" />
		<import plugin="org.eclipse.wst.common.frameworks" version="1.2.0" match="greaterOrEqual" />
		<import plugin="org.eclipse.jst.jee" version="1.0.401" match="greaterOrEqual" />
		<import plugin="org.eclipse.core.commands" version="3.6.0" match="greaterOrEqual" />
		<import plugin="org.eclipse.ui.ide" version="3.7.0" match="greaterOrEqual" />
		<import plugin="org.eclipse.jface.text" version="3.7.0" match="greaterOrEqual" />
		<import plugin="org.eclipse.ui.workbench.texteditor" version="3.7.0" match="greaterOrEqual" />
		<import plugin="org.eclipse.ui.editors" version="3.7.0" match="greaterOrEqual" />
		<import plugin="org.eclipse.ui" version="3.7.0" match="greaterOrEqual" />
		<import plugin="org.eclipse.core.filebuffers" version="3.5.200" match="greaterOrEqual" />
		<import plugin="org.eclipse.core.expressions" version="3.4.200" match="greaterOrEqual" />
		<import plugin="org.eclipse.debug.ui" version="3.7.0" match="greaterOrEqual" />
		<import plugin="org.eclipse.jdt.debug" version="3.7.0" match="greaterOrEqual" />
		<import plugin="org.eclipse.jdt.ui" version="3.7.0" match="greaterOrEqual" />
		<import plugin="org.eclipse.ltk.core.refactoring" version="3.5.200" match="greaterOrEqual" />
		<import plugin="org.eclipse.ui.console" version="3.5.100" match="greaterOrEqual" />
		<import plugin="org.eclipse.jdt.core.manipulation" version="1.3.0" match="greaterOrEqual" />
		<import plugin="org.eclipse.search" version="3.6.100" match="greaterOrEqual" />
		<import plugin="org.eclipse.ui.forms" version="3.5.100" match="greaterOrEqual" />
		<import plugin="org.eclipse.core.resources" version="3.7.100" match="greaterOrEqual" />
		<import plugin="org.eclipse.jface" version="3.7.0" match="greaterOrEqual" />
		<import plugin="com.ibm.icu" version="4.2.1" match="greaterOrEqual" />
		<import plugin="org.eclipse.jst.server.ui" version="1.1.201" match="greaterOrEqual" />
		<import plugin="org.eclipse.wst.server.ui" version="1.1.305" match="greaterOrEqual" />
		<import plugin="org.eclipse.wst.server.ui.doc.user" version="1.1.300" match="greaterOrEqual" />
		<import plugin="org.eclipse.jdt.debug.ui" version="3.6.0" match="greaterOrEqual" />
		<import plugin="org.eclipse.text" version="3.5.100" match="greaterOrEqual" />
		<import plugin="org.eclipse.ui.views" version="3.6.0" match="greaterOrEqual" />
		<import plugin="org.eclipse.wst.xml.ui" version="1.1.200" match="greaterOrEqual" />
		<import plugin="org.eclipse.wst.sse.ui" version="1.3.0" match="greaterOrEqual" />
		<import plugin="org.eclipse.wst.sse.core" version="1.1.600" match="greaterOrEqual" />
		<import plugin="org.eclipse.core.filesystem" version="1.3.100" match="greaterOrEqual" />
		<import plugin="org.eclipse.jst.servlet.ui" version="1.1.500" match="greaterOrEqual" />
		<import plugin="org.eclipse.jst.j2ee.ui" version="1.1.500" match="greaterOrEqual" />
		<import plugin="org.eclipse.wst.web.ui" version="1.1.400" match="greaterOrEqual" />
		<import plugin="org.eclipse.wst.common.frameworks.ui" version="1.2.0" match="greaterOrEqual" />
		<import plugin="org.eclipse.ui.navigator" version="3.5.0" match="greaterOrEqual" />
		<import plugin="org.eclipse.ui.views.log" version="1.0.200" match="greaterOrEqual" />
		<import plugin="org.eclipse.jst.j2ee.core" version="1.2.100" match="greaterOrEqual" />
		<import plugin="org.eclipse.jst.common.project.facet.core" version="1.4.200" match="greaterOrEqual" />
		<import plugin="org.eclipse.wst.common.modulecore" version="1.2.100" match="greaterOrEqual" />
		<import plugin="org.eclipse.emf.common" version="2.7.0" match="greaterOrEqual" />
		<import plugin="org.eclipse.emf.ecore" version="2.7.0" match="greaterOrEqual" />
		<import plugin="org.eclipse.wst.web" version="1.1.500" match="greaterOrEqual" />
		<import plugin="org.eclipse.jst.common.frameworks" version="1.1.500" match="greaterOrEqual" />
		<import plugin="org.eclipse.wst.common.core" version="1.2.0" match="greaterOrEqual" />
		<import plugin="org.eclipse.jdt" version="3.7.0" match="greaterOrEqual" />
		<import plugin="org.jboss.ide.eclipse.as.wtp.core" version="1.0.0" match="greaterOrEqual" />
	</requires>

	<plugin id="org.jboss.ide.eclipse.as.core" download-size="933" install-size="1649" version="3.9.400.v20220601-0842" unpack="false" />
	<plugin id="org.jboss.ide.eclipse.as.management.core" download-size="32" install-size="60" version="3.9.400.v20220601-0842" unpack="false" />
        <plugin id="org.jboss.ide.eclipse.as.management.as7" download-size="1398" install-size="1584" version="3.9.400.v20220601-0842" unpack="false" />
	<plugin id="org.jboss.ide.eclipse.as.management.wildfly9" download-size="1692" install-size="1901" version="3.9.400.v20220601-0842" unpack="false" />
        <plugin id="org.jboss.ide.eclipse.as.management.wf11" download-size="3448" install-size="3814" version="3.9.400.v20220601-0842" unpack="false" />

        <plugin id="org.jboss.ide.eclipse.as.management.eap61plus" download-size="1440" install-size="1627" version="3.9.400.v20220601-0842" unpack="false" />
	<plugin id="org.jboss.ide.eclipse.as.ui" download-size="570" install-size="1174" version="3.9.400.v20220601-0842" unpack="false" />
	<plugin id="org.jboss.ide.eclipse.as.classpath.core" download-size="2918" install-size="3504" version="3.9.400.v20220601-0842" unpack="false" />
	<plugin id="org.jboss.ide.eclipse.as.classpath.ui" download-size="52" install-size="101" version="3.9.400.v20220601-0842" unpack="false" />
	<plugin id="org.jboss.ide.eclipse.as.wtp.core" download-size="353" install-size="715" version="3.9.400.v20220601-0842" unpack="false" />
	<plugin id="org.jboss.ide.eclipse.as.wtp.ui" download-size="99" install-size="191" version="3.9.400.v20220601-0842" unpack="false" />
	<plugin id="org.jboss.ide.eclipse.as.dmr" download-size="87" install-size="90" version="3.9.400.v20220601-0842" unpack="false" />

</feature>
