<?xml version="1.0" encoding="UTF-8"?>
<feature
      id="org.jboss.ide.eclipse.as.server.rse.integration.feature"
      label="%featureName"
      version="3.9.400.v20220601-0842"
      provider-name="%providerName"
      plugin="org.jboss.ide.eclipse.as.rse.ui">


   <description url="http://www.jboss.org/tools">
       %description
   </description>
   <copyright>
       %copyright
   </copyright>
   <license url="%licenseURL">
      %license
   </license>


	<requires>
		<import plugin="org.eclipse.core.runtime" version="3.8.0" match="greaterOrEqual" />
		<import plugin="org.jboss.ide.eclipse.as.wtp.core" version="1.0.0" match="greaterOrEqual" />
		<import plugin="org.eclipse.wst.server.core" version="1.1.302" match="greaterOrEqual" />
		<import plugin="org.eclipse.wst.common.project.facet.core" version="1.4.200" match="greaterOrEqual" />
		<import plugin="org.eclipse.core.resources" version="3.7.100" match="greaterOrEqual" />
		<import plugin="org.eclipse.wst.common.modulecore" version="1.2.100" match="greaterOrEqual" />
		<import plugin="org.eclipse.wst.common.emfworkbench.integration" version="1.2.100" match="greaterOrEqual" />
		<import plugin="org.eclipse.jem.util" version="2.1.2" match="greaterOrEqual" />
		<import plugin="org.eclipse.debug.core" version="3.7.0" match="greaterOrEqual" />
		<import plugin="org.eclipse.jdt.launching" version="3.6.0" match="greaterOrEqual" />
		<import plugin="org.eclipse.ui" version="3.8.0" match="greaterOrEqual" />
		<import plugin="org.eclipse.wst.server.ui" version="1.1.305" match="greaterOrEqual" />
		<import plugin="org.eclipse.debug.ui" version="3.7.0" match="greaterOrEqual" />
		<import plugin="org.eclipse.rse.core" />
		<import plugin="org.eclipse.rse.subsystems.files.core" />
		<import plugin="org.eclipse.rse.services" />
		<import plugin="org.eclipse.rse.services.files.ftp" />
		<import plugin="org.eclipse.rse.services.local" />
		<import plugin="org.eclipse.rse.services.ssh" />
		<import plugin="org.eclipse.rse.subsystems.shells.core" />
		<import plugin="org.jboss.ide.eclipse.as.core" />
		<import plugin="org.jboss.ide.eclipse.archives.webtools" />
		<import plugin="org.jboss.ide.eclipse.as.ui" />
		<import plugin="org.eclipse.rse.files.ui" />
		<import plugin="org.eclipse.rse.ui"/>
		<import plugin="org.eclipse.rse.subsystems.shells.local" />
		<import plugin="org.eclipse.rse.subsystems.shells.ssh" />
		<import plugin="org.eclipse.rse.subsystems.shells.telnet" />
		
		<!-- 
		   The following plugins are required for completeness and usability of product only. 
		   We have no compilation requirements against them, nor any critical outstanding bugs
		   that require a specific version or API. Functionality this forces to be included
		   are things such as terminal support, process support, shell support, 
		   the sending and receiving of remote commands, the sending and receiving of remote files, 
		   and support for the connector service.  
		-->
		<import plugin="org.eclipse.rse.connectorservice.local"/>
		<import plugin="org.eclipse.rse.connectorservice.ssh"/>
		<import plugin="org.eclipse.rse.processes.ui"/>
		<import plugin="org.eclipse.rse.shells.ui"/>
		<import plugin="org.eclipse.rse.subsystems.files.local"/>
		<import plugin="org.eclipse.rse.subsystems.files.ssh"/>
		<import plugin="org.eclipse.rse.subsystems.processes.core"/>
		<import plugin="org.eclipse.rse.subsystems.processes.local"/>
		<import plugin="org.eclipse.rse.subsystems.processes.shell.linux"/>
		<import plugin="org.eclipse.rse.subsystems.terminals.core"/>
		<import plugin="org.eclipse.rse.subsystems.terminals.ssh"/>
		<import plugin="org.eclipse.rse.terminals.ui"/>

		<!-- new for Mars M7 -->
		<import plugin="org.eclipse.core.expressions" version="3.4.400" match="greaterOrEqual"/>
		<import plugin="org.eclipse.tm.terminal.control"/>
		<import plugin="org.eclipse.tm.terminal.view.core"/>
		<import plugin="org.eclipse.tm.terminal.view.ui"/>
		<import plugin="org.eclipse.tm.terminal.view.ui.rse"/>
		<import feature="org.eclipse.tm.terminal.connector.local.feature"/>
		<import feature="org.eclipse.tm.terminal.connector.ssh.feature"/>
		<import feature="org.eclipse.tm.terminal.connector.telnet.feature"/>

	</requires>

   <plugin
         id="org.jboss.ide.eclipse.as.rse.core"
         download-size="76"
         install-size="171"
         version="3.9.400.v20220601-0842"
         unpack="false"/>

   <plugin
         id="org.jboss.ide.eclipse.as.rse.ui"
         download-size="68"
         install-size="148"
         version="3.9.400.v20220601-0842"
         unpack="false"/>

</feature>
