<?xml version="1.0" encoding="UTF-8"?>
<feature
      id="org.jboss.ide.eclipse.as.archives.integration.feature"
      label="%featureName"
      version="3.9.400.v20220601-0842"
      provider-name="%providerName"
      plugin="org.jboss.ide.eclipse.archives.webtools">


   <description url="http://www.jboss.org/tools">
       %description
   </description>
   <copyright>
       %copyright
   </copyright>
   <license url="%licenseURL">
      %license
   </license>


   <includes
         id="org.jboss.tools.archives.scanner.feature"
         version="3.6.309.v20210617-1620"/>

   <includes
         id="org.jboss.ide.eclipse.as.serverAdapter.wtp.feature"
         version="3.9.400.v20220601-0842"/>

   <requires>
      <import plugin="org.eclipse.ui" version="3.7.0" match="greaterOrEqual"/>
      <import plugin="org.eclipse.core.runtime" version="3.7.0" match="greaterOrEqual"/>
      <import plugin="org.eclipse.wst.common.emfworkbench.integration" version="1.2.100" match="greaterOrEqual"/>
      <import plugin="org.eclipse.wst.server.core" version="1.1.302" match="greaterOrEqual"/>
      <import plugin="org.eclipse.wst.server.ui" version="1.1.305" match="greaterOrEqual"/>
      <import plugin="org.eclipse.core.resources" version="3.7.100" match="greaterOrEqual"/>
      <import plugin="org.eclipse.jdt.core" version="3.7.0" match="greaterOrEqual"/>
      <import plugin="org.eclipse.jst.server.core" version="1.2.101" match="greaterOrEqual"/>
      <import plugin="org.eclipse.jem.util" version="2.1.2" match="greaterOrEqual"/>
      <import plugin="org.eclipse.wst.common.modulecore" version="1.2.100" match="greaterOrEqual"/>
      <import plugin="org.apache.ant" version="1.7.1" match="greaterOrEqual"/>
      <import plugin="org.eclipse.ui.ide" version="3.7.0" match="greaterOrEqual"/>
      <import plugin="org.eclipse.core.filesystem" version="1.3.100" match="greaterOrEqual"/>
      <import plugin="org.eclipse.ui.navigator" version="3.5.0" match="greaterOrEqual"/>
      <import plugin="org.jboss.tools.jmx.core"/>
      <import plugin="org.eclipse.core.variables" version="3.2.500" match="greaterOrEqual"/>
      <import plugin="org.jboss.ide.eclipse.as.wtp.core" version="1.0.0" match="greaterOrEqual"/>
      <import plugin="org.eclipse.emf.common" version="2.7.0" match="greaterOrEqual"/>
      <import plugin="org.eclipse.emf.ecore" version="2.7.0" match="greaterOrEqual"/>
      <import plugin="org.jboss.ide.eclipse.archives.core"/>
      <import plugin="org.jboss.ide.eclipse.archives.ui"/>
      <import plugin="org.jboss.ide.eclipse.as.core"/>
      <import plugin="org.jboss.ide.eclipse.as.ui"/>
      <import plugin="org.jboss.ide.eclipse.as.wtp.ui"/>
      <import plugin="org.eclipse.wst.common.modulecore.ui" version="1.0.100" match="greaterOrEqual"/>
      <import feature="org.jboss.ide.eclipse.archives.feature"/>
   </requires>

   <plugin
         id="org.jboss.ide.eclipse.archives.webtools"
         download-size="124"
         install-size="247"
         version="3.9.400.v20220601-0842"
         unpack="false"/>

</feature>
