<?xml version="1.0" encoding="UTF-8"?>
<feature
      id="org.jboss.ide.eclipse.as.feature"
      label="%featureName"
      version="3.9.400.v20220601-0842"
      provider-name="%providerName"
      plugin="org.jboss.ide.eclipse.as.ui">


   <description url="http://www.jboss.org/tools">
       %description
   </description>
   <copyright>
       %copyright
   </copyright>
   <license url="%licenseURL">
      %license
   </license>



   <includes
         id="org.jboss.ide.eclipse.as.archives.integration.feature"
         version="3.9.400.v20220601-0842"/>

   <includes
         id="org.jboss.ide.eclipse.as.jmx.integration.feature"
         version="3.9.400.v20220601-0842"/>

   <includes
         id="org.jboss.ide.eclipse.as.server.rse.integration.feature"
         version="3.9.400.v20220601-0842"/>

   <includes
         id="org.jboss.ide.eclipse.as.serverAdapter.wtp.feature"
         version="3.9.400.v20220601-0842"/>
   <requires>
      <import plugin="org.eclipse.ui" version="3.7.0" match="greaterOrEqual"/>
      <import plugin="org.eclipse.core.runtime" version="3.7.0" match="greaterOrEqual"/>
      <import plugin="org.eclipse.wst.xml.core" version="1.1.600" match="greaterOrEqual"/>
      <import plugin="org.eclipse.wst.xml.ui" version="1.1.200" match="greaterOrEqual"/>
      <import plugin="org.eclipse.wst.sse.ui" version="1.3.0" match="greaterOrEqual"/>
      <import plugin="org.eclipse.jface.text" version="3.7.0" match="greaterOrEqual"/>
      <import plugin="org.eclipse.wst.sse.core" version="1.1.600" match="greaterOrEqual"/>
      <import plugin="org.eclipse.jdt" version="3.7.0" match="greaterOrEqual"/>
      <import plugin="org.eclipse.jdt.core" version="3.7.0" match="greaterOrEqual"/>
      <import plugin="org.eclipse.jdt.debug" version="3.7.0" match="greaterOrEqual"/>
      <import plugin="org.eclipse.jdt.debug.ui" version="3.6.0" match="greaterOrEqual"/>
      <import plugin="org.eclipse.core.resources" version="3.7.100" match="greaterOrEqual"/>
      <import plugin="org.eclipse.wst.xml.ui.infopop" version="1.0.400" match="greaterOrEqual"/>
      <import plugin="org.eclipse.jdt.ui" version="3.7.0" match="greaterOrEqual"/>
      <import plugin="org.eclipse.ui.ide" version="3.7.0" match="greaterOrEqual"/>
      <import plugin="org.eclipse.core.filesystem" version="1.3.100" match="greaterOrEqual"/>
      <import plugin="org.jboss.ide.eclipse.as.ui"/>
      <import plugin="org.eclipse.jst.common.project.facet.core" version="1.4.200" match="greaterOrEqual"/>
      <import plugin="org.eclipse.jst.common.project.facet.ui" version="1.4.200" match="greaterOrEqual"/>
      <import plugin="org.eclipse.wst.common.project.facet.core" version="1.4.200" match="greaterOrEqual"/>
      <import plugin="org.eclipse.wst.common.project.facet.ui" version="1.4.200" match="greaterOrEqual"/>
      <import plugin="org.eclipse.wst.common.frameworks" version="1.2.100" match="greaterOrEqual"/>
      <import plugin="org.jboss.ide.eclipse.as.core" version="2.3.0" match="greaterOrEqual"/>
      <import plugin="org.eclipse.wst.server.core" version="1.1.302" match="greaterOrEqual"/>
      <import plugin="org.eclipse.wst.server.ui" version="1.1.305" match="greaterOrEqual"/>
      <import plugin="org.eclipse.wst.web" version="1.1.500" match="greaterOrEqual"/>
      <import plugin="org.eclipse.wst.web.ui" version="1.1.400" match="greaterOrEqual"/>
      <import plugin="org.eclipse.jst.server.core" version="1.2.202" match="greaterOrEqual"/>
      <import plugin="org.jboss.ide.eclipse.as.wtp.core" version="2.3.0" match="greaterOrEqual"/>
      <import plugin="org.eclipse.jst.j2ee" version="1.1.500" match="greaterOrEqual"/>
      <import plugin="org.eclipse.wst.common.modulecore.ui" version="1.0.100" match="greaterOrEqual"/>
      <import plugin="org.eclipse.jst.j2ee.core" version="1.2.100" match="greaterOrEqual"/>
      <import plugin="org.eclipse.wst.common.frameworks.ui" version="1.2.100" match="greaterOrEqual"/>
      <import plugin="org.eclipse.jst.j2ee.ui" version="1.1.500" match="greaterOrEqual"/>
      <import plugin="org.eclipse.jst.common.frameworks" version="1.1.500" match="greaterOrEqual"/>
      <import feature="org.jboss.ide.eclipse.archives.feature"/>
      <import feature="org.jboss.tools.jmx.feature"/>
      <import feature="org.jboss.tools.runtime.core.feature"/>
      <import feature="org.jboss.tools.stacks.core.feature"/>
   </requires>
   <plugin
         id="org.jboss.tools.as.catalog"
         download-size="2545"
         install-size="18594"
         version="3.9.400.v20220601-0842"
         unpack="false"/>

   <plugin
         id="org.jboss.ide.eclipse.as.ui.mbeans"
         download-size="83"
         install-size="156"
         version="3.9.400.v20220601-0842"
         unpack="false"/>
   <plugin
         id="org.jboss.tools.as.runtimes.integration"
         download-size="62"
         install-size="126"
         version="3.9.400.v20220601-0842"
         unpack="false"/>

   <plugin
         id="org.jboss.ide.eclipse.as.doc.user"
         download-size="2"
         install-size="1"
         version="3.9.400.v20220601-0842"
         unpack="false"/>
</feature>
